--------------------------------------------------------
-- Archivo creado  - martes-julio-30-2024   
--------------------------------------------------------
--------------------------------------------------------
--  DDL for Table LENGUAJES
--------------------------------------------------------

  CREATE TABLE "USUARIO_JOHN"."LENGUAJES" 
   (	"ID_LENGUAJE" NUMBER, 
	"NOMBRE" VARCHAR2(100 BYTE), 
	"ESTADO" CHAR(1 BYTE), 
	"USUARIO" VARCHAR2(50 BYTE), 
	"FECHA_ACTUALIZACION" DATE
   ) SEGMENT CREATION IMMEDIATE 
  PCTFREE 10 PCTUSED 40 INITRANS 1 MAXTRANS 255 
 NOCOMPRESS LOGGING
  STORAGE(INITIAL 65536 NEXT 1048576 MINEXTENTS 1 MAXEXTENTS 2147483645
  PCTINCREASE 0 FREELISTS 1 FREELIST GROUPS 1
  BUFFER_POOL DEFAULT FLASH_CACHE DEFAULT CELL_FLASH_CACHE DEFAULT)
  TABLESPACE "USERS" ;
--------------------------------------------------------
--  DDL for Table PROGRAMADORES
--------------------------------------------------------

  CREATE TABLE "USUARIO_JOHN"."PROGRAMADORES" 
   (	"ID_PROGRAMADOR" NUMBER, 
	"PRIMER_NOMBRE" VARCHAR2(50 BYTE), 
	"SEGUNDO_NOMBRE" VARCHAR2(50 BYTE), 
	"PRIMER_APELLIDO" VARCHAR2(50 BYTE), 
	"SEGUNDO_APELLIDO" VARCHAR2(50 BYTE), 
	"EDAD" NUMBER, 
	"ANOS_EXPERIENCIA" NUMBER, 
	"SEXO" CHAR(1 BYTE), 
	"USUARIO" VARCHAR2(50 BYTE), 
	"FECHA_ACTUALIZACION" DATE
   ) SEGMENT CREATION IMMEDIATE 
  PCTFREE 10 PCTUSED 40 INITRANS 1 MAXTRANS 255 
 NOCOMPRESS LOGGING
  STORAGE(INITIAL 65536 NEXT 1048576 MINEXTENTS 1 MAXEXTENTS 2147483645
  PCTINCREASE 0 FREELISTS 1 FREELIST GROUPS 1
  BUFFER_POOL DEFAULT FLASH_CACHE DEFAULT CELL_FLASH_CACHE DEFAULT)
  TABLESPACE "USERS" ;
--------------------------------------------------------
--  DDL for Table PROGRAMADORLENGUAJE
--------------------------------------------------------

  CREATE TABLE "USUARIO_JOHN"."PROGRAMADORLENGUAJE" 
   (	"ID_PROGRAMADOR" NUMBER, 
	"ID_LENGUAJE" NUMBER, 
	"PUNTOS_EXPERIENCIA" NUMBER
   ) SEGMENT CREATION IMMEDIATE 
  PCTFREE 10 PCTUSED 40 INITRANS 1 MAXTRANS 255 
 NOCOMPRESS LOGGING
  STORAGE(INITIAL 65536 NEXT 1048576 MINEXTENTS 1 MAXEXTENTS 2147483645
  PCTINCREASE 0 FREELISTS 1 FREELIST GROUPS 1
  BUFFER_POOL DEFAULT FLASH_CACHE DEFAULT CELL_FLASH_CACHE DEFAULT)
  TABLESPACE "USERS" ;
--------------------------------------------------------
--  DDL for Table PROYECTOS
--------------------------------------------------------

  CREATE TABLE "USUARIO_JOHN"."PROYECTOS" 
   (	"ID_PROYECTO" NUMBER, 
	"NOMBRE" VARCHAR2(100 BYTE), 
	"VALOR" NUMBER(10,2), 
	"FECHA_INICIO" DATE, 
	"FECHA_FIN" DATE, 
	"CANT_PROGRAMADORES" NUMBER, 
	"LENGUAJE_REQUERIDO" NUMBER, 
	"ESTADO" CHAR(1 BYTE), 
	"USUARIO" VARCHAR2(50 BYTE), 
	"FECHA_ACTUALIZACION" DATE
   ) SEGMENT CREATION IMMEDIATE 
  PCTFREE 10 PCTUSED 40 INITRANS 1 MAXTRANS 255 
 NOCOMPRESS LOGGING
  STORAGE(INITIAL 65536 NEXT 1048576 MINEXTENTS 1 MAXEXTENTS 2147483645
  PCTINCREASE 0 FREELISTS 1 FREELIST GROUPS 1
  BUFFER_POOL DEFAULT FLASH_CACHE DEFAULT CELL_FLASH_CACHE DEFAULT)
  TABLESPACE "USERS" ;
REM INSERTING into USUARIO_JOHN.LENGUAJES
SET DEFINE OFF;
Insert into USUARIO_JOHN.LENGUAJES (ID_LENGUAJE,NOMBRE,ESTADO,USUARIO,FECHA_ACTUALIZACION) values ('1','Java','A','USUARIO_JOHN',to_date('30/07/24','DD/MM/RR'));
Insert into USUARIO_JOHN.LENGUAJES (ID_LENGUAJE,NOMBRE,ESTADO,USUARIO,FECHA_ACTUALIZACION) values ('2','Python','A','USUARIO_JOHN',to_date('30/07/24','DD/MM/RR'));
Insert into USUARIO_JOHN.LENGUAJES (ID_LENGUAJE,NOMBRE,ESTADO,USUARIO,FECHA_ACTUALIZACION) values ('3','JavaScript','A','USUARIO_JOHN',to_date('30/07/24','DD/MM/RR'));
Insert into USUARIO_JOHN.LENGUAJES (ID_LENGUAJE,NOMBRE,ESTADO,USUARIO,FECHA_ACTUALIZACION) values ('4','C#','A','USUARIO_JOHN',to_date('30/07/24','DD/MM/RR'));
Insert into USUARIO_JOHN.LENGUAJES (ID_LENGUAJE,NOMBRE,ESTADO,USUARIO,FECHA_ACTUALIZACION) values ('5','PHP','A','USUARIO_JOHN',to_date('30/07/24','DD/MM/RR'));
Insert into USUARIO_JOHN.LENGUAJES (ID_LENGUAJE,NOMBRE,ESTADO,USUARIO,FECHA_ACTUALIZACION) values ('6','Ruby','A','USUARIO_JOHN',to_date('30/07/24','DD/MM/RR'));
Insert into USUARIO_JOHN.LENGUAJES (ID_LENGUAJE,NOMBRE,ESTADO,USUARIO,FECHA_ACTUALIZACION) values ('7','Swift','A','USUARIO_JOHN',to_date('30/07/24','DD/MM/RR'));
Insert into USUARIO_JOHN.LENGUAJES (ID_LENGUAJE,NOMBRE,ESTADO,USUARIO,FECHA_ACTUALIZACION) values ('8','Go','A','USUARIO_JOHN',to_date('30/07/24','DD/MM/RR'));
Insert into USUARIO_JOHN.LENGUAJES (ID_LENGUAJE,NOMBRE,ESTADO,USUARIO,FECHA_ACTUALIZACION) values ('9','Kotlin','A','USUARIO_JOHN',to_date('30/07/24','DD/MM/RR'));
Insert into USUARIO_JOHN.LENGUAJES (ID_LENGUAJE,NOMBRE,ESTADO,USUARIO,FECHA_ACTUALIZACION) values ('10','TypeScript','A','USUARIO_JOHN',to_date('30/07/24','DD/MM/RR'));
REM INSERTING into USUARIO_JOHN.PROGRAMADORES
SET DEFINE OFF;
Insert into USUARIO_JOHN.PROGRAMADORES (ID_PROGRAMADOR,PRIMER_NOMBRE,SEGUNDO_NOMBRE,PRIMER_APELLIDO,SEGUNDO_APELLIDO,EDAD,ANOS_EXPERIENCIA,SEXO,USUARIO,FECHA_ACTUALIZACION) values ('1','Juan',null,'Pérez',null,'30','5','M','USUARIO_JOHN',to_date('30/07/24','DD/MM/RR'));
Insert into USUARIO_JOHN.PROGRAMADORES (ID_PROGRAMADOR,PRIMER_NOMBRE,SEGUNDO_NOMBRE,PRIMER_APELLIDO,SEGUNDO_APELLIDO,EDAD,ANOS_EXPERIENCIA,SEXO,USUARIO,FECHA_ACTUALIZACION) values ('2','María',null,'González',null,'28','4','F','USUARIO_JOHN',to_date('30/07/24','DD/MM/RR'));
Insert into USUARIO_JOHN.PROGRAMADORES (ID_PROGRAMADOR,PRIMER_NOMBRE,SEGUNDO_NOMBRE,PRIMER_APELLIDO,SEGUNDO_APELLIDO,EDAD,ANOS_EXPERIENCIA,SEXO,USUARIO,FECHA_ACTUALIZACION) values ('3','Pedro',null,'Rodríguez',null,'35','10','M','USUARIO_JOHN',to_date('30/07/24','DD/MM/RR'));
Insert into USUARIO_JOHN.PROGRAMADORES (ID_PROGRAMADOR,PRIMER_NOMBRE,SEGUNDO_NOMBRE,PRIMER_APELLIDO,SEGUNDO_APELLIDO,EDAD,ANOS_EXPERIENCIA,SEXO,USUARIO,FECHA_ACTUALIZACION) values ('4','Ana',null,'López',null,'25','3','F','USUARIO_JOHN',to_date('30/07/24','DD/MM/RR'));
Insert into USUARIO_JOHN.PROGRAMADORES (ID_PROGRAMADOR,PRIMER_NOMBRE,SEGUNDO_NOMBRE,PRIMER_APELLIDO,SEGUNDO_APELLIDO,EDAD,ANOS_EXPERIENCIA,SEXO,USUARIO,FECHA_ACTUALIZACION) values ('5','Carlos',null,'Martínez',null,'40','15','M','USUARIO_JOHN',to_date('30/07/24','DD/MM/RR'));
Insert into USUARIO_JOHN.PROGRAMADORES (ID_PROGRAMADOR,PRIMER_NOMBRE,SEGUNDO_NOMBRE,PRIMER_APELLIDO,SEGUNDO_APELLIDO,EDAD,ANOS_EXPERIENCIA,SEXO,USUARIO,FECHA_ACTUALIZACION) values ('6','Laura',null,'Sánchez',null,'32','8','F','USUARIO_JOHN',to_date('30/07/24','DD/MM/RR'));
Insert into USUARIO_JOHN.PROGRAMADORES (ID_PROGRAMADOR,PRIMER_NOMBRE,SEGUNDO_NOMBRE,PRIMER_APELLIDO,SEGUNDO_APELLIDO,EDAD,ANOS_EXPERIENCIA,SEXO,USUARIO,FECHA_ACTUALIZACION) values ('7','David',null,'Fernández',null,'27','5','M','USUARIO_JOHN',to_date('30/07/24','DD/MM/RR'));
Insert into USUARIO_JOHN.PROGRAMADORES (ID_PROGRAMADOR,PRIMER_NOMBRE,SEGUNDO_NOMBRE,PRIMER_APELLIDO,SEGUNDO_APELLIDO,EDAD,ANOS_EXPERIENCIA,SEXO,USUARIO,FECHA_ACTUALIZACION) values ('8','Sofía',null,'Gómez',null,'29','6','F','USUARIO_JOHN',to_date('30/07/24','DD/MM/RR'));
Insert into USUARIO_JOHN.PROGRAMADORES (ID_PROGRAMADOR,PRIMER_NOMBRE,SEGUNDO_NOMBRE,PRIMER_APELLIDO,SEGUNDO_APELLIDO,EDAD,ANOS_EXPERIENCIA,SEXO,USUARIO,FECHA_ACTUALIZACION) values ('9','Jorge',null,'Ruiz',null,'31','7','M','USUARIO_JOHN',to_date('30/07/24','DD/MM/RR'));
Insert into USUARIO_JOHN.PROGRAMADORES (ID_PROGRAMADOR,PRIMER_NOMBRE,SEGUNDO_NOMBRE,PRIMER_APELLIDO,SEGUNDO_APELLIDO,EDAD,ANOS_EXPERIENCIA,SEXO,USUARIO,FECHA_ACTUALIZACION) values ('10','Elena',null,'Díaz',null,'26','4','F','USUARIO_JOHN',to_date('30/07/24','DD/MM/RR'));
REM INSERTING into USUARIO_JOHN.PROGRAMADORLENGUAJE
SET DEFINE OFF;
Insert into USUARIO_JOHN.PROGRAMADORLENGUAJE (ID_PROGRAMADOR,ID_LENGUAJE,PUNTOS_EXPERIENCIA) values ('1','8','32');
Insert into USUARIO_JOHN.PROGRAMADORLENGUAJE (ID_PROGRAMADOR,ID_LENGUAJE,PUNTOS_EXPERIENCIA) values ('1','9','38');
Insert into USUARIO_JOHN.PROGRAMADORLENGUAJE (ID_PROGRAMADOR,ID_LENGUAJE,PUNTOS_EXPERIENCIA) values ('1','1','16');
Insert into USUARIO_JOHN.PROGRAMADORLENGUAJE (ID_PROGRAMADOR,ID_LENGUAJE,PUNTOS_EXPERIENCIA) values ('2','5','45');
Insert into USUARIO_JOHN.PROGRAMADORLENGUAJE (ID_PROGRAMADOR,ID_LENGUAJE,PUNTOS_EXPERIENCIA) values ('2','8','20');
Insert into USUARIO_JOHN.PROGRAMADORLENGUAJE (ID_PROGRAMADOR,ID_LENGUAJE,PUNTOS_EXPERIENCIA) values ('2','10','58');
Insert into USUARIO_JOHN.PROGRAMADORLENGUAJE (ID_PROGRAMADOR,ID_LENGUAJE,PUNTOS_EXPERIENCIA) values ('3','2','86');
Insert into USUARIO_JOHN.PROGRAMADORLENGUAJE (ID_PROGRAMADOR,ID_LENGUAJE,PUNTOS_EXPERIENCIA) values ('3','8','93');
Insert into USUARIO_JOHN.PROGRAMADORLENGUAJE (ID_PROGRAMADOR,ID_LENGUAJE,PUNTOS_EXPERIENCIA) values ('3','10','32');
Insert into USUARIO_JOHN.PROGRAMADORLENGUAJE (ID_PROGRAMADOR,ID_LENGUAJE,PUNTOS_EXPERIENCIA) values ('4','5','93');
Insert into USUARIO_JOHN.PROGRAMADORLENGUAJE (ID_PROGRAMADOR,ID_LENGUAJE,PUNTOS_EXPERIENCIA) values ('4','9','73');
Insert into USUARIO_JOHN.PROGRAMADORLENGUAJE (ID_PROGRAMADOR,ID_LENGUAJE,PUNTOS_EXPERIENCIA) values ('4','2','27');
Insert into USUARIO_JOHN.PROGRAMADORLENGUAJE (ID_PROGRAMADOR,ID_LENGUAJE,PUNTOS_EXPERIENCIA) values ('5','10','30');
Insert into USUARIO_JOHN.PROGRAMADORLENGUAJE (ID_PROGRAMADOR,ID_LENGUAJE,PUNTOS_EXPERIENCIA) values ('5','5','8');
Insert into USUARIO_JOHN.PROGRAMADORLENGUAJE (ID_PROGRAMADOR,ID_LENGUAJE,PUNTOS_EXPERIENCIA) values ('5','6','5');
Insert into USUARIO_JOHN.PROGRAMADORLENGUAJE (ID_PROGRAMADOR,ID_LENGUAJE,PUNTOS_EXPERIENCIA) values ('6','6','77');
Insert into USUARIO_JOHN.PROGRAMADORLENGUAJE (ID_PROGRAMADOR,ID_LENGUAJE,PUNTOS_EXPERIENCIA) values ('6','5','22');
Insert into USUARIO_JOHN.PROGRAMADORLENGUAJE (ID_PROGRAMADOR,ID_LENGUAJE,PUNTOS_EXPERIENCIA) values ('6','10','37');
Insert into USUARIO_JOHN.PROGRAMADORLENGUAJE (ID_PROGRAMADOR,ID_LENGUAJE,PUNTOS_EXPERIENCIA) values ('7','7','39');
Insert into USUARIO_JOHN.PROGRAMADORLENGUAJE (ID_PROGRAMADOR,ID_LENGUAJE,PUNTOS_EXPERIENCIA) values ('7','4','35');
Insert into USUARIO_JOHN.PROGRAMADORLENGUAJE (ID_PROGRAMADOR,ID_LENGUAJE,PUNTOS_EXPERIENCIA) values ('7','8','75');
Insert into USUARIO_JOHN.PROGRAMADORLENGUAJE (ID_PROGRAMADOR,ID_LENGUAJE,PUNTOS_EXPERIENCIA) values ('8','9','52');
Insert into USUARIO_JOHN.PROGRAMADORLENGUAJE (ID_PROGRAMADOR,ID_LENGUAJE,PUNTOS_EXPERIENCIA) values ('8','1','55');
Insert into USUARIO_JOHN.PROGRAMADORLENGUAJE (ID_PROGRAMADOR,ID_LENGUAJE,PUNTOS_EXPERIENCIA) values ('8','5','43');
Insert into USUARIO_JOHN.PROGRAMADORLENGUAJE (ID_PROGRAMADOR,ID_LENGUAJE,PUNTOS_EXPERIENCIA) values ('9','3','81');
Insert into USUARIO_JOHN.PROGRAMADORLENGUAJE (ID_PROGRAMADOR,ID_LENGUAJE,PUNTOS_EXPERIENCIA) values ('9','2','66');
Insert into USUARIO_JOHN.PROGRAMADORLENGUAJE (ID_PROGRAMADOR,ID_LENGUAJE,PUNTOS_EXPERIENCIA) values ('9','10','28');
Insert into USUARIO_JOHN.PROGRAMADORLENGUAJE (ID_PROGRAMADOR,ID_LENGUAJE,PUNTOS_EXPERIENCIA) values ('10','2','25');
Insert into USUARIO_JOHN.PROGRAMADORLENGUAJE (ID_PROGRAMADOR,ID_LENGUAJE,PUNTOS_EXPERIENCIA) values ('10','4','31');
Insert into USUARIO_JOHN.PROGRAMADORLENGUAJE (ID_PROGRAMADOR,ID_LENGUAJE,PUNTOS_EXPERIENCIA) values ('10','9','6');
Insert into USUARIO_JOHN.PROGRAMADORLENGUAJE (ID_PROGRAMADOR,ID_LENGUAJE,PUNTOS_EXPERIENCIA) values ('1','4','50');
Insert into USUARIO_JOHN.PROGRAMADORLENGUAJE (ID_PROGRAMADOR,ID_LENGUAJE,PUNTOS_EXPERIENCIA) values ('1','10','8');
Insert into USUARIO_JOHN.PROGRAMADORLENGUAJE (ID_PROGRAMADOR,ID_LENGUAJE,PUNTOS_EXPERIENCIA) values ('1','7','58');
Insert into USUARIO_JOHN.PROGRAMADORLENGUAJE (ID_PROGRAMADOR,ID_LENGUAJE,PUNTOS_EXPERIENCIA) values ('2','7','8');
Insert into USUARIO_JOHN.PROGRAMADORLENGUAJE (ID_PROGRAMADOR,ID_LENGUAJE,PUNTOS_EXPERIENCIA) values ('3','5','45');
Insert into USUARIO_JOHN.PROGRAMADORLENGUAJE (ID_PROGRAMADOR,ID_LENGUAJE,PUNTOS_EXPERIENCIA) values ('3','9','48');
Insert into USUARIO_JOHN.PROGRAMADORLENGUAJE (ID_PROGRAMADOR,ID_LENGUAJE,PUNTOS_EXPERIENCIA) values ('4','8','17');
Insert into USUARIO_JOHN.PROGRAMADORLENGUAJE (ID_PROGRAMADOR,ID_LENGUAJE,PUNTOS_EXPERIENCIA) values ('4','6','63');
Insert into USUARIO_JOHN.PROGRAMADORLENGUAJE (ID_PROGRAMADOR,ID_LENGUAJE,PUNTOS_EXPERIENCIA) values ('4','10','27');
Insert into USUARIO_JOHN.PROGRAMADORLENGUAJE (ID_PROGRAMADOR,ID_LENGUAJE,PUNTOS_EXPERIENCIA) values ('5','1','26');
Insert into USUARIO_JOHN.PROGRAMADORLENGUAJE (ID_PROGRAMADOR,ID_LENGUAJE,PUNTOS_EXPERIENCIA) values ('5','8','35');
Insert into USUARIO_JOHN.PROGRAMADORLENGUAJE (ID_PROGRAMADOR,ID_LENGUAJE,PUNTOS_EXPERIENCIA) values ('5','7','1');
Insert into USUARIO_JOHN.PROGRAMADORLENGUAJE (ID_PROGRAMADOR,ID_LENGUAJE,PUNTOS_EXPERIENCIA) values ('6','2','4');
Insert into USUARIO_JOHN.PROGRAMADORLENGUAJE (ID_PROGRAMADOR,ID_LENGUAJE,PUNTOS_EXPERIENCIA) values ('6','3','50');
Insert into USUARIO_JOHN.PROGRAMADORLENGUAJE (ID_PROGRAMADOR,ID_LENGUAJE,PUNTOS_EXPERIENCIA) values ('6','9','24');
Insert into USUARIO_JOHN.PROGRAMADORLENGUAJE (ID_PROGRAMADOR,ID_LENGUAJE,PUNTOS_EXPERIENCIA) values ('7','2','1');
Insert into USUARIO_JOHN.PROGRAMADORLENGUAJE (ID_PROGRAMADOR,ID_LENGUAJE,PUNTOS_EXPERIENCIA) values ('7','9','99');
Insert into USUARIO_JOHN.PROGRAMADORLENGUAJE (ID_PROGRAMADOR,ID_LENGUAJE,PUNTOS_EXPERIENCIA) values ('8','2','41');
Insert into USUARIO_JOHN.PROGRAMADORLENGUAJE (ID_PROGRAMADOR,ID_LENGUAJE,PUNTOS_EXPERIENCIA) values ('8','6','58');
Insert into USUARIO_JOHN.PROGRAMADORLENGUAJE (ID_PROGRAMADOR,ID_LENGUAJE,PUNTOS_EXPERIENCIA) values ('9','7','57');
Insert into USUARIO_JOHN.PROGRAMADORLENGUAJE (ID_PROGRAMADOR,ID_LENGUAJE,PUNTOS_EXPERIENCIA) values ('9','9','27');
Insert into USUARIO_JOHN.PROGRAMADORLENGUAJE (ID_PROGRAMADOR,ID_LENGUAJE,PUNTOS_EXPERIENCIA) values ('10','3','50');
Insert into USUARIO_JOHN.PROGRAMADORLENGUAJE (ID_PROGRAMADOR,ID_LENGUAJE,PUNTOS_EXPERIENCIA) values ('10','7','52');
REM INSERTING into USUARIO_JOHN.PROYECTOS
SET DEFINE OFF;
Insert into USUARIO_JOHN.PROYECTOS (ID_PROYECTO,NOMBRE,VALOR,FECHA_INICIO,FECHA_FIN,CANT_PROGRAMADORES,LENGUAJE_REQUERIDO,ESTADO,USUARIO,FECHA_ACTUALIZACION) values ('1','Proyecto A','5000',to_date('01/01/23','DD/MM/RR'),to_date('31/12/23','DD/MM/RR'),'3','1','V','USUARIO_JOHN',to_date('30/07/24','DD/MM/RR'));
Insert into USUARIO_JOHN.PROYECTOS (ID_PROYECTO,NOMBRE,VALOR,FECHA_INICIO,FECHA_FIN,CANT_PROGRAMADORES,LENGUAJE_REQUERIDO,ESTADO,USUARIO,FECHA_ACTUALIZACION) values ('2','Proyecto B','7000',to_date('01/02/23','DD/MM/RR'),to_date('30/11/23','DD/MM/RR'),'5','2','V','USUARIO_JOHN',to_date('30/07/24','DD/MM/RR'));
Insert into USUARIO_JOHN.PROYECTOS (ID_PROYECTO,NOMBRE,VALOR,FECHA_INICIO,FECHA_FIN,CANT_PROGRAMADORES,LENGUAJE_REQUERIDO,ESTADO,USUARIO,FECHA_ACTUALIZACION) values ('3','Proyecto C','6000',to_date('01/03/23','DD/MM/RR'),to_date('31/10/23','DD/MM/RR'),'4','3','V','USUARIO_JOHN',to_date('30/07/24','DD/MM/RR'));
Insert into USUARIO_JOHN.PROYECTOS (ID_PROYECTO,NOMBRE,VALOR,FECHA_INICIO,FECHA_FIN,CANT_PROGRAMADORES,LENGUAJE_REQUERIDO,ESTADO,USUARIO,FECHA_ACTUALIZACION) values ('4','Proyecto D','8000',to_date('01/04/23','DD/MM/RR'),to_date('30/09/23','DD/MM/RR'),'6','4','V','USUARIO_JOHN',to_date('30/07/24','DD/MM/RR'));
Insert into USUARIO_JOHN.PROYECTOS (ID_PROYECTO,NOMBRE,VALOR,FECHA_INICIO,FECHA_FIN,CANT_PROGRAMADORES,LENGUAJE_REQUERIDO,ESTADO,USUARIO,FECHA_ACTUALIZACION) values ('5','Proyecto E','5500',to_date('01/05/23','DD/MM/RR'),to_date('31/08/23','DD/MM/RR'),'4','5','V','USUARIO_JOHN',to_date('30/07/24','DD/MM/RR'));
Insert into USUARIO_JOHN.PROYECTOS (ID_PROYECTO,NOMBRE,VALOR,FECHA_INICIO,FECHA_FIN,CANT_PROGRAMADORES,LENGUAJE_REQUERIDO,ESTADO,USUARIO,FECHA_ACTUALIZACION) values ('6','Proyecto F','9000',to_date('01/06/23','DD/MM/RR'),to_date('31/07/23','DD/MM/RR'),'7','6','V','USUARIO_JOHN',to_date('30/07/24','DD/MM/RR'));
Insert into USUARIO_JOHN.PROYECTOS (ID_PROYECTO,NOMBRE,VALOR,FECHA_INICIO,FECHA_FIN,CANT_PROGRAMADORES,LENGUAJE_REQUERIDO,ESTADO,USUARIO,FECHA_ACTUALIZACION) values ('7','Proyecto G','6200',to_date('01/07/23','DD/MM/RR'),to_date('31/12/23','DD/MM/RR'),'3','7','V','USUARIO_JOHN',to_date('30/07/24','DD/MM/RR'));
Insert into USUARIO_JOHN.PROYECTOS (ID_PROYECTO,NOMBRE,VALOR,FECHA_INICIO,FECHA_FIN,CANT_PROGRAMADORES,LENGUAJE_REQUERIDO,ESTADO,USUARIO,FECHA_ACTUALIZACION) values ('8','Proyecto H','7500',to_date('01/08/23','DD/MM/RR'),to_date('30/11/23','DD/MM/RR'),'5','8','V','USUARIO_JOHN',to_date('30/07/24','DD/MM/RR'));
Insert into USUARIO_JOHN.PROYECTOS (ID_PROYECTO,NOMBRE,VALOR,FECHA_INICIO,FECHA_FIN,CANT_PROGRAMADORES,LENGUAJE_REQUERIDO,ESTADO,USUARIO,FECHA_ACTUALIZACION) values ('9','Proyecto I','5300',to_date('01/09/23','DD/MM/RR'),to_date('31/10/23','DD/MM/RR'),'4','9','V','USUARIO_JOHN',to_date('30/07/24','DD/MM/RR'));
Insert into USUARIO_JOHN.PROYECTOS (ID_PROYECTO,NOMBRE,VALOR,FECHA_INICIO,FECHA_FIN,CANT_PROGRAMADORES,LENGUAJE_REQUERIDO,ESTADO,USUARIO,FECHA_ACTUALIZACION) values ('10','Proyecto J','6800',to_date('01/10/23','DD/MM/RR'),to_date('31/12/23','DD/MM/RR'),'6','10','V','USUARIO_JOHN',to_date('30/07/24','DD/MM/RR'));
Insert into USUARIO_JOHN.PROYECTOS (ID_PROYECTO,NOMBRE,VALOR,FECHA_INICIO,FECHA_FIN,CANT_PROGRAMADORES,LENGUAJE_REQUERIDO,ESTADO,USUARIO,FECHA_ACTUALIZACION) values ('11','Proyecto K','7200',to_date('15/01/23','DD/MM/RR'),to_date('15/11/23','DD/MM/RR'),'4','1','V','USUARIO_JOHN',to_date('30/07/24','DD/MM/RR'));
Insert into USUARIO_JOHN.PROYECTOS (ID_PROYECTO,NOMBRE,VALOR,FECHA_INICIO,FECHA_FIN,CANT_PROGRAMADORES,LENGUAJE_REQUERIDO,ESTADO,USUARIO,FECHA_ACTUALIZACION) values ('12','Proyecto L','8000',to_date('15/02/23','DD/MM/RR'),to_date('15/12/23','DD/MM/RR'),'5','2','V','USUARIO_JOHN',to_date('30/07/24','DD/MM/RR'));
Insert into USUARIO_JOHN.PROYECTOS (ID_PROYECTO,NOMBRE,VALOR,FECHA_INICIO,FECHA_FIN,CANT_PROGRAMADORES,LENGUAJE_REQUERIDO,ESTADO,USUARIO,FECHA_ACTUALIZACION) values ('13','Proyecto M','6800',to_date('15/03/23','DD/MM/RR'),to_date('15/11/23','DD/MM/RR'),'6','3','V','USUARIO_JOHN',to_date('30/07/24','DD/MM/RR'));
Insert into USUARIO_JOHN.PROYECTOS (ID_PROYECTO,NOMBRE,VALOR,FECHA_INICIO,FECHA_FIN,CANT_PROGRAMADORES,LENGUAJE_REQUERIDO,ESTADO,USUARIO,FECHA_ACTUALIZACION) values ('14','Proyecto N','7400',to_date('15/04/23','DD/MM/RR'),to_date('15/10/23','DD/MM/RR'),'7','4','V','USUARIO_JOHN',to_date('30/07/24','DD/MM/RR'));
Insert into USUARIO_JOHN.PROYECTOS (ID_PROYECTO,NOMBRE,VALOR,FECHA_INICIO,FECHA_FIN,CANT_PROGRAMADORES,LENGUAJE_REQUERIDO,ESTADO,USUARIO,FECHA_ACTUALIZACION) values ('15','Proyecto O','6100',to_date('15/05/23','DD/MM/RR'),to_date('15/09/23','DD/MM/RR'),'3','5','V','USUARIO_JOHN',to_date('30/07/24','DD/MM/RR'));
--------------------------------------------------------
--  DDL for Index SYS_C008345
--------------------------------------------------------

  CREATE UNIQUE INDEX "USUARIO_JOHN"."SYS_C008345" ON "USUARIO_JOHN"."LENGUAJES" ("ID_LENGUAJE") 
  PCTFREE 10 INITRANS 2 MAXTRANS 255 
  STORAGE(INITIAL 65536 NEXT 1048576 MINEXTENTS 1 MAXEXTENTS 2147483645
  PCTINCREASE 0 FREELISTS 1 FREELIST GROUPS 1
  BUFFER_POOL DEFAULT FLASH_CACHE DEFAULT CELL_FLASH_CACHE DEFAULT)
  TABLESPACE "USERS" ;
--------------------------------------------------------
--  DDL for Index SYS_C008351
--------------------------------------------------------

  CREATE UNIQUE INDEX "USUARIO_JOHN"."SYS_C008351" ON "USUARIO_JOHN"."PROGRAMADORES" ("ID_PROGRAMADOR") 
  PCTFREE 10 INITRANS 2 MAXTRANS 255 
  STORAGE(INITIAL 65536 NEXT 1048576 MINEXTENTS 1 MAXEXTENTS 2147483645
  PCTINCREASE 0 FREELISTS 1 FREELIST GROUPS 1
  BUFFER_POOL DEFAULT FLASH_CACHE DEFAULT CELL_FLASH_CACHE DEFAULT)
  TABLESPACE "USERS" ;
--------------------------------------------------------
--  DDL for Index SYS_C008355
--------------------------------------------------------

  CREATE UNIQUE INDEX "USUARIO_JOHN"."SYS_C008355" ON "USUARIO_JOHN"."PROYECTOS" ("ID_PROYECTO") 
  PCTFREE 10 INITRANS 2 MAXTRANS 255 
  STORAGE(INITIAL 65536 NEXT 1048576 MINEXTENTS 1 MAXEXTENTS 2147483645
  PCTINCREASE 0 FREELISTS 1 FREELIST GROUPS 1
  BUFFER_POOL DEFAULT FLASH_CACHE DEFAULT CELL_FLASH_CACHE DEFAULT)
  TABLESPACE "USERS" ;
--------------------------------------------------------
--  DDL for Index SYS_C008345
--------------------------------------------------------

  CREATE UNIQUE INDEX "USUARIO_JOHN"."SYS_C008345" ON "USUARIO_JOHN"."LENGUAJES" ("ID_LENGUAJE") 
  PCTFREE 10 INITRANS 2 MAXTRANS 255 
  STORAGE(INITIAL 65536 NEXT 1048576 MINEXTENTS 1 MAXEXTENTS 2147483645
  PCTINCREASE 0 FREELISTS 1 FREELIST GROUPS 1
  BUFFER_POOL DEFAULT FLASH_CACHE DEFAULT CELL_FLASH_CACHE DEFAULT)
  TABLESPACE "USERS" ;
--------------------------------------------------------
--  DDL for Index SYS_C008351
--------------------------------------------------------

  CREATE UNIQUE INDEX "USUARIO_JOHN"."SYS_C008351" ON "USUARIO_JOHN"."PROGRAMADORES" ("ID_PROGRAMADOR") 
  PCTFREE 10 INITRANS 2 MAXTRANS 255 
  STORAGE(INITIAL 65536 NEXT 1048576 MINEXTENTS 1 MAXEXTENTS 2147483645
  PCTINCREASE 0 FREELISTS 1 FREELIST GROUPS 1
  BUFFER_POOL DEFAULT FLASH_CACHE DEFAULT CELL_FLASH_CACHE DEFAULT)
  TABLESPACE "USERS" ;
--------------------------------------------------------
--  DDL for Index SYS_C008355
--------------------------------------------------------

  CREATE UNIQUE INDEX "USUARIO_JOHN"."SYS_C008355" ON "USUARIO_JOHN"."PROYECTOS" ("ID_PROYECTO") 
  PCTFREE 10 INITRANS 2 MAXTRANS 255 
  STORAGE(INITIAL 65536 NEXT 1048576 MINEXTENTS 1 MAXEXTENTS 2147483645
  PCTINCREASE 0 FREELISTS 1 FREELIST GROUPS 1
  BUFFER_POOL DEFAULT FLASH_CACHE DEFAULT CELL_FLASH_CACHE DEFAULT)
  TABLESPACE "USERS" ;
--------------------------------------------------------
--  DDL for Procedure ACTUALIZAR_ESTADO_PROYECTOS
--------------------------------------------------------
set define off;

  CREATE OR REPLACE NONEDITIONABLE PROCEDURE "USUARIO_JOHN"."ACTUALIZAR_ESTADO_PROYECTOS" IS
    CURSOR cur_proyectos IS
        SELECT ROWID, ID_Proyecto, Valor
        FROM Proyectos
        ORDER BY Valor ASC
        FETCH FIRST 5 ROWS ONLY; -- Para obtener los 5 proyectos con menor valor
BEGIN
    FOR proyecto IN cur_proyectos LOOP
        UPDATE Proyectos
        SET Estado = 'T'
        WHERE ROWID = proyecto.ROWID;

        DBMS_OUTPUT.PUT_LINE('Proyecto ID: ' || proyecto.ID_Proyecto || ' actualizado a Terminado.');
    END LOOP;
END;

/
--------------------------------------------------------
--  DDL for Procedure ASIGNARLENGUAJES
--------------------------------------------------------
set define off;

  CREATE OR REPLACE NONEDITIONABLE PROCEDURE "USUARIO_JOHN"."ASIGNARLENGUAJES" IS
BEGIN
    FOR rec IN (SELECT id_programador FROM Programadores) LOOP
        DECLARE
            lang_ids SYS.OdciNumberList;
        BEGIN
            -- Randomly select 3 unique languages
            SELECT id_lenguaje BULK COLLECT INTO lang_ids
            FROM (SELECT id_lenguaje FROM Lenguajes ORDER BY DBMS_RANDOM.VALUE)
            WHERE ROWNUM <= 3;

            -- Loop through the selected languages and assign to the programmer
            FOR i IN 1..3 LOOP
                MERGE INTO ProgramadorLenguaje pl
                USING (SELECT rec.id_programador AS id_programador, lang_ids(i) AS id_lenguaje FROM dual) src
                ON (pl.id_programador = src.id_programador AND pl.id_lenguaje = src.id_lenguaje)
                WHEN MATCHED THEN
                    UPDATE SET puntos_experiencia = ROUND(DBMS_RANDOM.VALUE(0, 100))
                WHEN NOT MATCHED THEN
                    INSERT (id_programador, id_lenguaje, puntos_experiencia)
                    VALUES (src.id_programador, src.id_lenguaje, ROUND(DBMS_RANDOM.VALUE(0, 100)));
            END LOOP;
        END;
    END LOOP;
END;

/
--------------------------------------------------------
--  DDL for Procedure ASIGNAR_PROGRAMADORES_A_PROYECTOS
--------------------------------------------------------
set define off;

  CREATE OR REPLACE NONEDITIONABLE PROCEDURE "USUARIO_JOHN"."ASIGNAR_PROGRAMADORES_A_PROYECTOS" AS
    CURSOR c_proyectos IS
        SELECT p.ID_Proyecto, p.ID_Lenguaje
        FROM Proyectos p
        WHERE p.Estado = 'V';

    v_max_proyectos CONSTANT NUMBER := 2;
BEGIN
    FOR proyecto IN c_proyectos LOOP
        FOR programador IN (SELECT pl.ID_Programador
                            FROM Programadores_Lenguajes pl
                            WHERE pl.ID_Lenguaje = proyecto.ID_Lenguaje
                            ORDER BY pl.Puntos_Experiencia DESC) LOOP
            DECLARE
                v_proyectos_actuales NUMBER;
            BEGIN
                SELECT COUNT(*)
                INTO v_proyectos_actuales
                FROM Proyectos_Programadores pp
                WHERE pp.ID_Programador = programador.ID_Programador;

                IF v_proyectos_actuales < v_max_proyectos THEN
                    BEGIN
                        -- Inserta el programador en el proyecto si no excede el límite de proyectos
                        INSERT INTO Proyectos_Programadores (ID_Proyecto, ID_Programador, Usuario_Auditoria, Fecha_Auditoria)
                        VALUES (proyecto.ID_Proyecto, programador.ID_Programador, 'admin', SYSDATE);
                    EXCEPTION
                        WHEN DUP_VAL_ON_INDEX THEN
                            NULL; -- Ignorar si ya existe
                    END;
                END IF;
            END;
        END LOOP;
    END LOOP;
END Asignar_Programadores_A_Proyectos;

/
--------------------------------------------------------
--  DDL for Procedure IMPRIMIR_INFORMACION_PROGRAMADORES
--------------------------------------------------------
set define off;

  CREATE OR REPLACE NONEDITIONABLE PROCEDURE "USUARIO_JOHN"."IMPRIMIR_INFORMACION_PROGRAMADORES" AS
    rc SYS_REFCURSOR;
    v_ID_Lenguaje NUMBER;
    v_Lenguaje VARCHAR2(100);
    v_Promedio_Experiencia NUMBER(5, 2);
BEGIN
    -- Llamada a la función que retorna el cursor con la información
    rc := Promedio_Puntos_Experiencia;

    -- Recorre el cursor e imprime la información
    LOOP
        FETCH rc INTO v_ID_Lenguaje, v_Lenguaje, v_Promedio_Experiencia;
        EXIT WHEN rc%NOTFOUND;

        DBMS_OUTPUT.PUT_LINE('ID Lenguaje: ' || v_ID_Lenguaje);
        DBMS_OUTPUT.PUT_LINE('Lenguaje: ' || v_Lenguaje);
        DBMS_OUTPUT.PUT_LINE('Promedio Puntos de Experiencia: ' || v_Promedio_Experiencia);
        DBMS_OUTPUT.PUT_LINE('---------------------------');
    END LOOP;

    CLOSE rc;
END Imprimir_Informacion_Programadores;

/
--------------------------------------------------------
--  Constraints for Table LENGUAJES
--------------------------------------------------------

  ALTER TABLE "USUARIO_JOHN"."LENGUAJES" MODIFY ("NOMBRE" NOT NULL ENABLE);
  ALTER TABLE "USUARIO_JOHN"."LENGUAJES" ADD CHECK (estado IN ('A', 'I')) ENABLE;
  ALTER TABLE "USUARIO_JOHN"."LENGUAJES" ADD PRIMARY KEY ("ID_LENGUAJE")
  USING INDEX PCTFREE 10 INITRANS 2 MAXTRANS 255 
  STORAGE(INITIAL 65536 NEXT 1048576 MINEXTENTS 1 MAXEXTENTS 2147483645
  PCTINCREASE 0 FREELISTS 1 FREELIST GROUPS 1
  BUFFER_POOL DEFAULT FLASH_CACHE DEFAULT CELL_FLASH_CACHE DEFAULT)
  TABLESPACE "USERS"  ENABLE;
--------------------------------------------------------
--  Constraints for Table PROGRAMADORES
--------------------------------------------------------

  ALTER TABLE "USUARIO_JOHN"."PROGRAMADORES" MODIFY ("PRIMER_NOMBRE" NOT NULL ENABLE);
  ALTER TABLE "USUARIO_JOHN"."PROGRAMADORES" MODIFY ("PRIMER_APELLIDO" NOT NULL ENABLE);
  ALTER TABLE "USUARIO_JOHN"."PROGRAMADORES" ADD CHECK (edad > 0) ENABLE;
  ALTER TABLE "USUARIO_JOHN"."PROGRAMADORES" ADD CHECK (anos_experiencia > 0) ENABLE;
  ALTER TABLE "USUARIO_JOHN"."PROGRAMADORES" ADD CHECK (sexo IN ('M', 'F')) ENABLE;
  ALTER TABLE "USUARIO_JOHN"."PROGRAMADORES" ADD PRIMARY KEY ("ID_PROGRAMADOR")
  USING INDEX PCTFREE 10 INITRANS 2 MAXTRANS 255 
  STORAGE(INITIAL 65536 NEXT 1048576 MINEXTENTS 1 MAXEXTENTS 2147483645
  PCTINCREASE 0 FREELISTS 1 FREELIST GROUPS 1
  BUFFER_POOL DEFAULT FLASH_CACHE DEFAULT CELL_FLASH_CACHE DEFAULT)
  TABLESPACE "USERS"  ENABLE;
--------------------------------------------------------
--  Constraints for Table PROGRAMADORLENGUAJE
--------------------------------------------------------

  ALTER TABLE "USUARIO_JOHN"."PROGRAMADORLENGUAJE" ADD CHECK (puntos_experiencia BETWEEN 0 AND 100) ENABLE;
--------------------------------------------------------
--  Constraints for Table PROYECTOS
--------------------------------------------------------

  ALTER TABLE "USUARIO_JOHN"."PROYECTOS" MODIFY ("NOMBRE" NOT NULL ENABLE);
  ALTER TABLE "USUARIO_JOHN"."PROYECTOS" ADD CHECK (cant_programadores > 0) ENABLE;
  ALTER TABLE "USUARIO_JOHN"."PROYECTOS" ADD CHECK (estado IN ('V', 'T')) ENABLE;
  ALTER TABLE "USUARIO_JOHN"."PROYECTOS" ADD PRIMARY KEY ("ID_PROYECTO")
  USING INDEX PCTFREE 10 INITRANS 2 MAXTRANS 255 
  STORAGE(INITIAL 65536 NEXT 1048576 MINEXTENTS 1 MAXEXTENTS 2147483645
  PCTINCREASE 0 FREELISTS 1 FREELIST GROUPS 1
  BUFFER_POOL DEFAULT FLASH_CACHE DEFAULT CELL_FLASH_CACHE DEFAULT)
  TABLESPACE "USERS"  ENABLE;
--------------------------------------------------------
--  Ref Constraints for Table PROGRAMADORLENGUAJE
--------------------------------------------------------

  ALTER TABLE "USUARIO_JOHN"."PROGRAMADORLENGUAJE" ADD FOREIGN KEY ("ID_PROGRAMADOR")
	  REFERENCES "USUARIO_JOHN"."PROGRAMADORES" ("ID_PROGRAMADOR") ENABLE;
  ALTER TABLE "USUARIO_JOHN"."PROGRAMADORLENGUAJE" ADD FOREIGN KEY ("ID_LENGUAJE")
	  REFERENCES "USUARIO_JOHN"."LENGUAJES" ("ID_LENGUAJE") ENABLE;
--------------------------------------------------------
--  Ref Constraints for Table PROYECTOS
--------------------------------------------------------

  ALTER TABLE "USUARIO_JOHN"."PROYECTOS" ADD CONSTRAINT "FK_LENGUAJE" FOREIGN KEY ("LENGUAJE_REQUERIDO")
	  REFERENCES "USUARIO_JOHN"."LENGUAJES" ("ID_LENGUAJE") ENABLE;
